epochs,loss,accuracy,val_loss,val_accuracy,filters,learning_rate
1,2.579055070877075,0.29175257682800293,1.52196204662323,0.5385802388191223,64,0.001
2,1.1029901504516602,0.6813144087791443,0.7816577553749084,0.7727623581886292,64,0.001
3,0.6354050040245056,0.8162370920181274,0.9804935455322266,0.7712191343307495,64,0.001
4,0.42699214816093445,0.8746134042739868,0.6306362152099609,0.8406635522842407,64,0.001
5,0.33422616124153137,0.9020618796348572,0.9526008367538452,0.8263888955116272,64,0.001
6,0.27191635966300964,0.9193298816680908,0.7518569827079773,0.8518518805503845,64,0.001
7,0.21467314660549164,0.9393041133880615,0.6978808641433716,0.8746141791343689,64,0.001
8,0.19890469312667847,0.946391761302948,0.7466787099838257,0.875,64,0.001
9,0.1858537495136261,0.9533505439758301,0.7712492346763611,0.8641975522041321,64,0.001
