epochs,loss,accuracy,val_loss,val_accuracy,filters,learning_rate
1,3.0379719734191895,0.1451030969619751,2.7921276092529297,0.23186728358268738,32,0.001
2,2.0850677490234375,0.4039948582649231,1.9999308586120605,0.4483024775981903,32,0.001
3,1.3881473541259766,0.5961340069770813,1.5037180185317993,0.5852623581886292,32,0.001
4,1.005365014076233,0.7037371397018433,1.1022168397903442,0.6805555820465088,32,0.001
5,0.7705124616622925,0.7712628841400146,1.1380109786987305,0.7094907164573669,32,0.001
6,0.6031460762023926,0.8158504962921143,1.2105460166931152,0.7133487462997437,32,0.001
7,0.49065962433815,0.844072163105011,1.2240697145462036,0.7202932238578796,32,0.001
8,0.4252462089061737,0.8686855435371399,1.231825351715088,0.7229938507080078,32,0.001
9,0.36728665232658386,0.8893041014671326,1.2682418823242188,0.7160493731498718,32,0.001
