epochs,loss,accuracy,val_loss,val_accuracy,filters,learning_rate
1,2.5396065711975098,0.29587629437446594,1.551544189453125,0.5393518805503845,32,0.001
2,1.1746854782104492,0.6677834987640381,1.3190232515335083,0.6616512537002563,32,0.001
3,0.6847848892211914,0.8039948344230652,0.65575110912323,0.8186728358268738,32,0.001
4,0.4713751971721649,0.8685566782951355,0.5673637986183167,0.8568673133850098,32,0.001
5,0.35284048318862915,0.8961340188980103,0.6932502388954163,0.8294752836227417,32,0.001
6,0.28688955307006836,0.9172680377960205,0.6023744344711304,0.8576388955116272,32,0.001
7,0.23148442804813385,0.9319587349891663,0.8761091828346252,0.8483796119689941,32,0.001
8,0.18992839753627777,0.942783534526825,0.6914545297622681,0.8680555820465088,32,0.001
9,0.1840967983007431,0.9472938179969788,0.6595247387886047,0.886188268661499,32,0.001
