epochs,loss,accuracy,val_loss,val_accuracy,filters,learning_rate
1,2.975285530090332,0.17061856389045715,2.1052122116088867,0.37307098507881165,64,0.001
2,1.6134694814682007,0.5202319622039795,1.157755970954895,0.6597222089767456,64,0.001
3,1.0124461650848389,0.701932966709137,0.9230664968490601,0.7403549551963806,64,0.001
4,0.7349439263343811,0.7757731676101685,0.8064307570457458,0.7743055820465088,64,0.001
5,0.6013999581336975,0.8154639005661011,0.8940050005912781,0.7608024477958679,64,0.001
6,0.4948756992816925,0.8503866195678711,0.9133375287055969,0.7708333134651184,64,0.001
7,0.46331900358200073,0.8587628602981567,0.8478697538375854,0.7851080298423767,64,0.001
8,0.3872736990451813,0.8810567259788513,0.8987442851066589,0.7839506268501282,64,0.001
9,0.3729952573776245,0.8893041014671326,0.9509714245796204,0.7962962985038757,64,0.001
